<?xml version="1.0" encoding="utf-8"?>
<Manifest>
    <identifier>MedievalRoyaltyFaction</identifier>
    <version>1.0.0.0</version>
    <dependencies>
        <li>OskarPotocki.VanillaFactionsExpanded.Core</li>
		<li>OskarPotocki.VanillaFactionsExpanded.MedievalModule</li>
    </dependencies>
    <loadAfter>
        <li>VanillaFactionsExpandedCore</li>
        <li>VanillaFactionsExpandedMedieval</li>
    </loadAfter>
    <!-- <manifestUri></manifestUri>
    <downloadUri></downloadUri> -->
</Manifest>